{"stats":{"minecraft:mined":{"minecraft:grass":2},"minecraft:custom":{"minecraft:jump":94,"minecraft:time_since_rest":24716,"minecraft:damage_taken":375,"minecraft:damage_dealt":15,"minecraft:crouch_one_cm":2363,"minecraft:leave_game":3,"minecraft:sprint_one_cm":44703,"minecraft:play_time":28763,"minecraft:walk_one_cm":79597,"minecraft:time_since_death":24685,"minecraft:deaths":1,"minecraft:sneak_time":199,"minecraft:total_world_time":28763,"minecraft:fall_one_cm":2451,"minecraft:fly_one_cm":8710},"minecraft:used":{"soul_like_armors_reworked:estusflask":1},"minecraft:killed_by":{"enemyexpansion:sprinter":1}},"DataVersion":3465}