{"stats":{"minecraft:custom":{"minecraft:jump":87,"minecraft:time_since_rest":17617,"minecraft:damage_taken":355,"minecraft:damage_dealt":15,"minecraft:crouch_one_cm":2299,"minecraft:leave_game":2,"minecraft:sprint_one_cm":40104,"minecraft:play_time":21664,"minecraft:walk_one_cm":75583,"minecraft:time_since_death":17586,"minecraft:deaths":1,"minecraft:sneak_time":190,"minecraft:total_world_time":21664,"minecraft:fall_one_cm":2047,"minecraft:fly_one_cm":5983},"minecraft:mined":{"minecraft:grass":2},"minecraft:killed_by":{"enemyexpansion:sprinter":1},"minecraft:used":{"soul_like_armors_reworked:estusflask":1}},"DataVersion":3465}