{"stats":{"minecraft:killed_by":{"enemyexpansion:sprinter":1},"minecraft:used":{"soul_like_armors_reworked:estusflask":1},"minecraft:mined":{"minecraft:grass":2},"minecraft:custom":{"minecraft:jump":87,"minecraft:time_since_rest":19307,"minecraft:damage_taken":355,"minecraft:damage_dealt":15,"minecraft:crouch_one_cm":2299,"minecraft:leave_game":2,"minecraft:sprint_one_cm":40104,"minecraft:play_time":23354,"minecraft:walk_one_cm":76566,"minecraft:time_since_death":19276,"minecraft:deaths":1,"minecraft:sneak_time":190,"minecraft:total_world_time":23354,"minecraft:fall_one_cm":2047,"minecraft:fly_one_cm":5983}},"DataVersion":3465}