{"stats":{"minecraft:killed":{"minecraft:skeleton":1},"minecraft:custom":{"minecraft:jump":110,"minecraft:time_since_rest":7153,"minecraft:damage_dealt":66,"minecraft:damage_taken":215,"minecraft:crouch_one_cm":224,"minecraft:leave_game":5,"minecraft:play_time":7153,"minecraft:sprint_one_cm":33415,"minecraft:time_since_death":7153,"minecraft:walk_on_water_one_cm":847,"minecraft:walk_one_cm":35076,"minecraft:sneak_time":22,"minecraft:total_world_time":7153,"minecraft:walk_under_water_one_cm":279,"minecraft:mob_kills":1,"minecraft:fall_one_cm":1941,"minecraft:fly_one_cm":29928},"minecraft:picked_up":{"minecraft:bone":1}},"DataVersion":3465}