{"stats":{"minecraft:picked_up":{"minecraft:wooden_axe":1,"rogcontinued:ironchunk":6,"minecraft:iron_chestplate":2,"minecraft:crafting_table":1,"minecraft:feather":2,"minecraft:chicken":1,"mna:tarma_root":8,"regions_unexplored:magnolia_log":23,"minecraft:brown_mushroom":8,"minecraft:wooden_pickaxe":2,"minecraft:dirt":4,"mna:vinteum_ore":1,"minecraft:wheat_seeds":9,"regions_unexplored:pine_log":7,"minecraft:stone_pickaxe":1,"minecraft:iron_pickaxe":1,"galosphere:raw_silver":3,"minecraft:furnace":5,"minecraft:stick":20,"minecraft:raw_iron":23,"aquaculture:gar":1,"minecraft:dripstone_block":1,"minecraft:gravel":3,"ancient_elements:raw_tin":4,"minecraft:diorite":3,"minecraft:spruce_log":1,"regions_unexplored:cypress_log":42,"regions_unexplored:cypress_planks":4,"create:ochrum":1,"regions_unexplored:clover":47,"minecraft:bread":3,"spelunkers_charm:rock":3,"minecraft:mutton":7,"minecraft:white_wool":4,"minecraft:coal":177,"iceandfire:raw_silver":6,"minecraft:cobblestone":49},"minecraft:broken":{"minecraft:stone_pickaxe":2},"minecraft:used":{"minecraft:cooked_mutton":2,"minecraft:stone_pickaxe":254,"minecraft:wooden_pickaxe":44,"minecraft:cooked_chicken":2,"minecraft:crafting_table":3,"minecraft:wooden_axe":39,"minecraft:bread":3,"ancient_elements:tin_helmet":1,"minecraft:stone_axe":30,"minecraft:cobblestone":6,"minecraft:furnace":5},"minecraft:killed":{"fight_or_die:springer":1,"enemyexpansion:direwolf":2,"minecraft:sheep":4,"minecraft:chicken":1},"minecraft:crafted":{"minecraft:crafting_table":2,"minecraft:spruce_planks":4,"regions_unexplored:cypress_planks":4,"minecraft:wooden_pickaxe":1,"minecraft:cooked_chicken":2,"minecraft:furnace":1,"ancient_elements:tin_helmet":1,"minecraft:stone_axe":1,"minecraft:cooked_mutton":2,"minecraft:air":99,"regions_unexplored:pine_planks":15,"minecraft:stick":20,"minecraft:iron_pickaxe":1,"minecraft:stone_pickaxe":3,"minecraft:wooden_axe":1,"regions_unexplored:pine_wood":1,"regions_unexplored:magnolia_planks":41},"minecraft:custom":{"minecraft:interact_with_furnace":13,"minecraft:mob_kills":8,"minecraft:interact_with_crafting_table":16,"minecraft:leave_game":2,"minecraft:time_since_death":2130,"minecraft:sleep_in_bed":1,"minecraft:climb_one_cm":945,"minecraft:time_since_rest":2163,"minecraft:sprint_one_cm":353783,"minecraft:damage_taken":1984,"minecraft:walk_one_cm":1005630,"minecraft:drop":51,"minecraft:damage_dealt":1079,"minecraft:swim_one_cm":45530,"minecraft:fly_one_cm":196648,"minecraft:crouch_one_cm":334,"minecraft:play_time":109597,"minecraft:deaths":8,"minecraft:sneak_time":119,"minecraft:walk_under_water_one_cm":2800,"minecraft:jump":1059,"minecraft:walk_on_water_one_cm":20212,"minecraft:total_world_time":109597,"minecraft:fall_one_cm":17836},"minecraft:dropped":{"minecraft:furnace":1,"minecraft:coal":50},"minecraft:killed_by":{"minecraft:skeleton":4,"minecraft:zombie":3,"iceandfire:ghost":1},"minecraft:mined":{"regions_unexplored:cypress_log":25,"iceandfire:silver_ore":6,"regions_unexplored:magnolia_log":23,"minecraft:crafting_table":1,"minecraft:grass_block":3,"create:ochrum":1,"galosphere:silver_ore":3,"minecraft:cobblestone":1,"minecraft:diorite":3,"regions_unexplored:pine_log":7,"spelunkers_charm:rock_pile_3":1,"rogcontinued:ironchunkore":5,"minecraft:furnace":2,"minecraft:iron_ore":23,"ancient_elements:tin_ore":5,"minecraft:grass":4,"minecraft:coal_ore":178,"minecraft:gravel":3,"minecraft:dripstone_block":1,"minecraft:dirt":1,"regions_unexplored:clover":13,"regions_unexplored:medium_grass":2,"minecraft:stone":52,"minecraft:fern":1}},"DataVersion":3465}