{"stats":{"minecraft:broken":{"minecraft:wooden_axe":1},"minecraft:picked_up":{"minecraft:wooden_axe":1,"minecraft:birch_log":11,"minecraft:stick":6,"minecraft:crafting_table":1,"minecraft:chicken":1,"minecraft:oak_log":29,"minecraft:dirt":1,"delightful:acorn":1,"minecraft:oak_sapling":5,"minecraft:mutton":3,"delightful:green_tea_leaf":1,"minecraft:birch_sapling":1,"minecraft:oak_planks":3,"minecraft:white_wool":2},"minecraft:killed":{"minecraft:sheep":2,"fight_or_die:mutated_sheep":1},"minecraft:mined":{"minecraft:birch_log":8,"minecraft:birch_leaves":16,"minecraft:grass":1,"minecraft:grass_block":1,"minecraft:oak_log":26,"minecraft:oak_leaves":20},"minecraft:custom":{"minecraft:time_since_rest":525,"minecraft:sprint_one_cm":188153,"minecraft:interact_with_furnace":1,"minecraft:damage_taken":916,"minecraft:walk_one_cm":382969,"minecraft:mob_kills":3,"minecraft:damage_dealt":602,"minecraft:swim_one_cm":25230,"minecraft:interact_with_crafting_table":5,"minecraft:fly_one_cm":56711,"minecraft:crouch_one_cm":2189,"minecraft:play_time":58187,"minecraft:deaths":4,"minecraft:sneak_time":217,"minecraft:walk_under_water_one_cm":6476,"minecraft:jump":448,"minecraft:leave_game":1,"minecraft:walk_on_water_one_cm":5780,"minecraft:time_since_death":500,"minecraft:total_world_time":58187,"minecraft:fall_one_cm":7324},"minecraft:killed_by":{"fight_or_die:mutated_sheep":2,"minecraft:player":2},"minecraft:crafted":{"minecraft:oak_planks":102,"minecraft:crafting_table":2,"minecraft:stick":60,"minecraft:wooden_pickaxe":1,"minecraft:wooden_axe":2,"minecraft:birch_planks":32,"minecraft:air":10},"minecraft:used":{"minecraft:wooden_axe":53,"adorn:guide_book":1,"minecraft:crafting_table":2,"delightful:acorn":1}},"DataVersion":3465}