{"stats":{"minecraft:killed_by":{"man:managgresive":1,"fight_or_die:springer":2,"minecraft:skeleton":6,"minecraft:zombie":3,"enemyexpansion:direwolf":1,"iceandfire:ghost":2,"fight_or_die:mutated_fox":1},"minecraft:broken":{"minecraft:stone_pickaxe":2},"minecraft:custom":{"minecraft:interact_with_furnace":13,"minecraft:mob_kills":12,"minecraft:interact_with_crafting_table":17,"minecraft:open_barrel":1,"minecraft:leave_game":3,"minecraft:time_since_death":12431,"minecraft:sleep_in_bed":1,"minecraft:climb_one_cm":1862,"minecraft:time_since_rest":12479,"minecraft:sprint_one_cm":787460,"minecraft:damage_taken":4110,"minecraft:walk_one_cm":1354681,"minecraft:drop":56,"minecraft:damage_dealt":1469,"minecraft:swim_one_cm":122619,"minecraft:fly_one_cm":452978,"minecraft:open_chest":4,"minecraft:crouch_one_cm":522,"minecraft:play_time":159168,"minecraft:deaths":16,"minecraft:sneak_time":199,"minecraft:walk_under_water_one_cm":4304,"minecraft:jump":1738,"minecraft:walk_on_water_one_cm":35989,"minecraft:total_world_time":159168,"minecraft:fall_one_cm":34303},"minecraft:crafted":{"minecraft:wooden_sword":1,"minecraft:oak_planks":5,"minecraft:crafting_table":3,"regions_unexplored:cypress_planks":4,"minecraft:spruce_planks":4,"minecraft:wooden_pickaxe":2,"minecraft:cooked_chicken":2,"minecraft:furnace":1,"minecraft:mangrove_planks":17,"ancient_elements:tin_helmet":1,"minecraft:stone_axe":1,"minecraft:cooked_mutton":2,"minecraft:air":187,"regions_unexplored:pine_planks":15,"minecraft:stick":56,"minecraft:iron_pickaxe":1,"minecraft:stone_pickaxe":3,"minecraft:wooden_axe":2,"regions_unexplored:pine_wood":1,"regions_unexplored:magnolia_planks":41},"minecraft:killed":{"fight_or_die:springer":1,"enemyexpansion:direwolf":2,"minecraft:sheep":4,"minecraft:chicken":4,"fight_or_die:mutated_player":1},"minecraft:picked_up":{"rogcontinued:ironchunk":10,"minecraft:crafting_table":4,"minecraft:iron_chestplate":2,"minecraft:feather":5,"hogcraft:galleon":4,"minecraft:chicken":4,"mna:tarma_root":8,"regions_unexplored:magnolia_log":23,"minecraft:brown_mushroom":8,"quark:hollow_oak_log":3,"minecraft:wooden_pickaxe":2,"minecraft:brown_bed":2,"doggytalents:rice_grains":1,"ancient_elements:raw_lead":1,"gravestone:obituary":3,"minecraft:string":2,"minecraft:dirt":4,"minecraft:moss_carpet":4,"mna:vinteum_ore":1,"minecraft:wheat_seeds":9,"regions_unexplored:pine_log":7,"minecraft:stone_pickaxe":1,"minecraft:iron_pickaxe":1,"minecraft:light_gray_wool":1,"galosphere:raw_silver":3,"minecraft:mangrove_log":17,"minecraft:furnace":5,"fight_or_die:ripping_flesh":2,"fight_or_die:rotten_brain":1,"minecraft:stick":21,"minecraft:raw_iron":23,"aquaculture:gar":1,"minecraft:pumpkin":1,"minecraft:dripstone_block":1,"minecraft:gravel":3,"ancient_elements:raw_tin":4,"minecraft:diorite":3,"minecraft:spruce_log":1,"minecraft:slime_ball":3,"minecraft:oak_wood":5,"regions_unexplored:cypress_log":42,"rogcontinued:luminoussandsfromguyun":1,"minecraft:rotten_flesh":5,"regions_unexplored:cypress_planks":4,"minecraft:stone_axe":1,"minecraft:mangrove_wood":7,"minecraft:beetroot_seeds":19,"create:ochrum":1,"regions_unexplored:clover":52,"minecraft:bread":5,"spelunkers_charm:rock":7,"minecraft:mutton":7,"iceandfire:raw_silver":6,"minecraft:coal":177,"minecraft:white_wool":4,"minecraft:cobblestone":51,"minecraft:wooden_axe":1},"minecraft:dropped":{"minecraft:furnace":1,"regions_unexplored:clover":5,"minecraft:coal":50},"minecraft:used":{"minecraft:cooked_mutton":2,"minecraft:leather_leggings":1,"minecraft:stone_pickaxe":254,"minecraft:leather_chestplate":1,"minecraft:wooden_pickaxe":47,"minecraft:leather_boots":1,"minecraft:cooked_chicken":2,"minecraft:crafting_table":5,"minecraft:wooden_axe":72,"minecraft:bread":7,"ancient_elements:tin_helmet":1,"minecraft:wooden_sword":5,"minecraft:stone_axe":30,"minecraft:cobblestone":6,"minecraft:furnace":5,"minecraft:brown_bed":1},"minecraft:mined":{"regions_unexplored:cypress_log":25,"iceandfire:silver_ore":6,"regions_unexplored:magnolia_log":23,"minecraft:mangrove_wood":7,"minecraft:crafting_table":4,"minecraft:oak_wood":5,"minecraft:grass_block":3,"create:ochrum":1,"galosphere:silver_ore":3,"minecraft:tall_grass":1,"minecraft:cobblestone":1,"minecraft:diorite":3,"regions_unexplored:pine_log":7,"spelunkers_charm:rock_pile_3":1,"rogcontinued:ironchunkore":5,"minecraft:furnace":2,"minecraft:iron_ore":23,"minecraft:pumpkin":1,"ancient_elements:tin_ore":5,"minecraft:brown_bed":2,"minecraft:grass":7,"minecraft:coal_ore":178,"minecraft:vine":4,"quark:hollow_oak_log":3,"minecraft:gravel":3,"minecraft:dripstone_block":1,"minecraft:dirt":1,"regions_unexplored:clover":15,"minecraft:mangrove_log":17,"regions_unexplored:medium_grass":2,"minecraft:stone":54,"minecraft:fern":1}},"DataVersion":3465}