{"stats":{"minecraft:picked_up":{"minecraft:arrow":7,"minecraft:wheat_seeds":1,"delightful:acorn":1,"minecraft:mutton":1,"minecraft:white_wool":1},"minecraft:killed":{"minecraft:sheep":1,"fight_or_die:springer":1,"enemyexpansion:sprinter":1},"minecraft:dropped":{"delightful:acorn":1,"soul_like_armors_reworked:estusflask":1},"minecraft:mined":{"minecraft:grass":1,"minecraft:oak_leaves":2},"minecraft:custom":{"minecraft:time_since_rest":667,"minecraft:crouch_one_cm":841,"minecraft:play_time":10368,"minecraft:sprint_one_cm":69014,"minecraft:deaths":2,"minecraft:damage_taken":710,"minecraft:walk_one_cm":90402,"minecraft:sneak_time":100,"minecraft:mob_kills":4,"minecraft:drop":2,"minecraft:jump":234,"minecraft:damage_dealt":1096,"minecraft:leave_game":1,"minecraft:time_since_death":633,"minecraft:total_world_time":10368,"minecraft:fly_one_cm":50584,"minecraft:fall_one_cm":6991},"minecraft:killed_by":{"mna:barkling":1,"minecraft:skeleton":1},"minecraft:used":{"soul_like_armors_reworked:dagger":17,"minecraft:mutton":1,"soul_like_armors_reworked:estusflask":2}},"DataVersion":3465}