{"stats":{"minecraft:custom":{"minecraft:jump":85,"minecraft:time_since_rest":4156,"minecraft:damage_taken":240,"minecraft:damage_dealt":79,"minecraft:crouch_one_cm":259,"minecraft:leave_game":5,"minecraft:sprint_one_cm":13117,"minecraft:play_time":24377,"minecraft:walk_one_cm":43868,"minecraft:time_since_death":3959,"minecraft:deaths":1,"minecraft:sneak_time":17,"minecraft:total_world_time":24377,"minecraft:fall_one_cm":2171,"minecraft:fly_one_cm":8444},"minecraft:killed_by":{"minecraft:zombie":1},"minecraft:used":{"soul_like_armors_reworked:dagger":1}},"DataVersion":3465}