{"stats":{"minecraft:picked_up":{"minecraft:leather":1,"minecraft:wheat_seeds":2,"soul_like_armors_reworked:dagger":1,"minecraft:oak_sapling":1,"soul_like_armors_reworked:rustysteel_chestplate":1,"minecraft:dirt":5},"minecraft:killed":{"minecraft:trader_llama":1,"minecraft:player":1},"minecraft:dropped":{"soul_like_armors_reworked:dagger":1},"minecraft:mined":{"minecraft:grass":6,"minecraft:grass_block":2,"minecraft:dirt":3,"minecraft:oak_leaves":2},"minecraft:custom":{"minecraft:time_since_rest":82,"minecraft:crouch_one_cm":383,"minecraft:play_time":7979,"minecraft:sprint_one_cm":56855,"minecraft:deaths":2,"minecraft:damage_taken":711,"minecraft:walk_one_cm":42438,"minecraft:sneak_time":26,"minecraft:walk_under_water_one_cm":14581,"minecraft:mob_kills":1,"minecraft:drop":1,"minecraft:jump":189,"minecraft:damage_dealt":359,"minecraft:leave_game":1,"minecraft:time_since_death":59,"minecraft:walk_on_water_one_cm":11191,"minecraft:total_world_time":7979,"minecraft:player_kills":1,"minecraft:swim_one_cm":40476,"minecraft:fly_one_cm":54144,"minecraft:fall_one_cm":8324},"minecraft:killed_by":{"minecraft:player":1},"minecraft:used":{"soul_like_armors_reworked:dagger":8,"minecraft:dirt":5,"soul_like_armors_reworked:estusflask":3,"soul_like_armors_reworked:rustysteel_chestplate":1}},"DataVersion":3465}