{"stats":{"minecraft:picked_up":{"minecraft:crafting_table":8,"epicfight:stone_spear":1,"minecraft:flower_pot":3,"minecraft:andesite":3,"regions_unexplored:magnolia_log":60,"ancient_elements:raw_lead":6,"minecraft:string":12,"minecraft:dirt":51,"minecraft:wheat_seeds":4,"aquaculture:bluegill":1,"delightful:mini_melon":7,"regions_unexplored:pine_log":67,"iceandfire:armor_silver_metal_helmet":2,"minecraft:iron_ingot":4,"minecraft:jungle_sapling":1,"minecraft:iron_pickaxe":1,"minecraft:bamboo":3,"galosphere:raw_silver":24,"minecraft:melon_slice":1,"ancient_elements:tin_ingot":2,"minecraft:stick":98,"minecraft:raw_iron":10,"aquaculture:gar":1,"mna:mark_of_the_undead":3,"minecraft:sweet_berries":1,"regions_unexplored:pine_planks":2,"minecraft:torch":27,"aquaculture:perch":6,"regions_unexplored:blue_lupine":1,"minecraft:gravel":51,"minecraft:porkchop":3,"ancient_elements:raw_tin":5,"minecraft:spruce_log":5,"minecraft:spider_eye":3,"regions_unexplored:pink_magnolia_sapling":3,"minecraft:arrow":20,"minecraft:stone_sword":2,"soul_like_armors_reworked:estusflask":6,"regions_unexplored:cypress_log":5,"iceandfire:silver_ingot":7,"minecraft:stone_shovel":2,"minecraft:rotten_flesh":4,"rogcontinued:whiteironchunk":3,"minecraft:stone_axe":2,"regions_unexplored:clover":21,"aquaculture:carp":1,"minecraft:bread":4,"minecraft:mutton":1,"minecraft:white_wool":1,"minecraft:coal":41,"iceandfire:raw_silver":9,"minecraft:cobblestone":195},"minecraft:broken":{"minecraft:stone_pickaxe":1,"minecraft:wooden_pickaxe":1},"minecraft:used":{"minecraft:cooked_mutton":5,"minecraft:stone_sword":36,"minecraft:stone_shovel":26,"minecraft:stone_pickaxe":122,"minecraft:wooden_pickaxe":59,"soul_like_armors_reworked:estusflask":1,"minecraft:torch":41,"minecraft:mutton":1,"minecraft:crafting_table":8,"delightful:mini_melon":2,"regions_unexplored:pine_log":2,"minecraft:melon_slice":4,"aquaculture:carp":1,"minecraft:bread":4,"minecraft:stone_axe":61,"minecraft:porkchop":3,"minecraft:andesite":3,"regions_unexplored:blue_lupine":1},"minecraft:killed":{"mna:witch_hunter":1,"aquaculture:bluegill":1,"minecraft:spider":2,"aquaculture:gar":1,"minecraft:sheep":1,"minecraft:skeleton":1,"fight_or_die:shiller":1,"aquaculture:perch":2,"aquaculture:carp":1},"minecraft:crafted":{"minecraft:stone_shovel":1,"iceandfire:silver_ingot":3,"minecraft:crafting_table":1,"minecraft:melon_slice":6,"regions_unexplored:cypress_planks":20,"minecraft:wooden_pickaxe":1,"minecraft:stone_axe":1,"ancient_elements:tin_ingot":5,"minecraft:cooked_mutton":5,"iceandfire:armor_silver_metal_helmet":1,"regions_unexplored:pine_planks":4,"minecraft:iron_chestplate":1,"minecraft:stick":48,"minecraft:iron_ingot":10,"minecraft:stone_pickaxe":1,"minecraft:stone_sword":1,"minecraft:torch":52},"minecraft:custom":{"minecraft:interact_with_furnace":18,"minecraft:mob_kills":12,"minecraft:interact_with_crafting_table":21,"minecraft:leave_game":1,"minecraft:time_since_death":3622,"minecraft:time_since_rest":3661,"minecraft:sprint_one_cm":364831,"minecraft:damage_taken":1544,"minecraft:walk_one_cm":324808,"minecraft:drop":14,"minecraft:damage_dealt":1807,"minecraft:swim_one_cm":21509,"minecraft:fly_one_cm":342871,"minecraft:crouch_one_cm":918,"minecraft:play_time":53531,"minecraft:deaths":4,"minecraft:sneak_time":143,"minecraft:walk_under_water_one_cm":10422,"minecraft:jump":1136,"minecraft:walk_on_water_one_cm":15097,"minecraft:total_world_time":53531,"minecraft:fall_one_cm":30034},"minecraft:dropped":{"minecraft:sweet_berries":1,"soul_like_armors_reworked:estusflask":3,"minecraft:stick":1,"ancient_elements:tin_ingot":1,"aquaculture:gar":1,"mna:mark_of_the_undead":1,"minecraft:melon_slice":3,"iceandfire:silver_ingot":2,"minecraft:iron_pickaxe":1},"minecraft:killed_by":{"man:managgresive":1,"mna:barkling":1,"minecraft:skeleton":1,"enemyexpansion:huntsman":1},"minecraft:mined":{"regions_unexplored:cypress_log":5,"iceandfire:silver_ore":5,"ancient_elements:lead_ore":2,"minecraft:jungle_leaves":1,"regions_unexplored:magnolia_log":20,"minecraft:crafting_table":8,"minecraft:grass_block":6,"regions_unexplored:pink_magnolia_leaves":1,"minecraft:dead_bush":1,"galosphere:silver_ore":8,"minecraft:cobblestone":1,"minecraft:potted_bamboo":1,"regions_unexplored:pine_log":28,"minecraft:tall_seagrass":2,"minecraft:furnace":1,"minecraft:iron_ore":10,"minecraft:spruce_log":6,"minecraft:andesite":3,"ancient_elements:tin_ore":4,"minecraft:grass":1,"minecraft:coal_ore":18,"delightful:mini_melon":4,"minecraft:gravel":13,"minecraft:dirt":11,"regions_unexplored:clover":6,"regions_unexplored:medium_grass":2,"minecraft:stone":92,"minecraft:fern":1}},"DataVersion":3465}