{"stats":{"minecraft:killed_by":{"man:managgresive":1,"mna:barkling":1,"minecraft:skeleton":1,"fight_or_die:mutated_villager":3,"fight_or_die:mutated_human":1,"iceandfire:ghost":2,"minecraft:drowned":1,"enemyexpansion:huntsman":1},"minecraft:broken":{"minecraft:stone_pickaxe":1,"minecraft:wooden_pickaxe":1},"minecraft:custom":{"minecraft:interact_with_furnace":18,"minecraft:mob_kills":19,"minecraft:interact_with_crafting_table":24,"minecraft:leave_game":5,"minecraft:time_since_death":532,"minecraft:climb_one_cm":1886,"minecraft:time_since_rest":560,"minecraft:sprint_one_cm":587942,"minecraft:damage_taken":3534,"minecraft:walk_one_cm":427096,"minecraft:trigger_trapped_chest":2,"minecraft:drop":14,"minecraft:damage_dealt":2650,"minecraft:damage_dealt_absorbed":9,"minecraft:open_chest":9,"minecraft:swim_one_cm":93974,"minecraft:fly_one_cm":632935,"minecraft:crouch_one_cm":1094,"minecraft:play_time":77802,"minecraft:deaths":11,"minecraft:sneak_time":484,"minecraft:walk_under_water_one_cm":15192,"minecraft:jump":1777,"minecraft:walk_on_water_one_cm":49419,"minecraft:total_world_time":77802,"minecraft:fall_one_cm":52399},"minecraft:crafted":{"minecraft:stone_shovel":1,"minecraft:fishing_rod":1,"iceandfire:silver_ingot":3,"minecraft:crafting_table":1,"minecraft:melon_slice":9,"regions_unexplored:cypress_planks":20,"minecraft:wooden_pickaxe":1,"minecraft:stone_axe":1,"ancient_elements:tin_ingot":5,"minecraft:bread":3,"minecraft:cooked_mutton":5,"iceandfire:armor_silver_metal_helmet":1,"regions_unexplored:pine_planks":4,"minecraft:iron_chestplate":1,"minecraft:stick":48,"minecraft:iron_ingot":10,"minecraft:stone_pickaxe":1,"minecraft:stone_sword":1,"minecraft:torch":52},"minecraft:killed":{"mna:witch_hunter":1,"aquaculture:bluegill":1,"minecraft:spider":2,"aquaculture:gar":2,"fight_or_die:mutated_villager":1,"minecraft:sheep":1,"minecraft:skeleton":2,"fight_or_die:mutated_human":1,"fight_or_die:shiller":1,"iceandfire:ghost":2,"fight_or_die:mutated_fox":1,"aquaculture:perch":2,"aquaculture:carp":1},"minecraft:picked_up":{"minecraft:nautilus_shell":1,"minecraft:crafting_table":9,"epicfight:stone_spear":1,"minecraft:flower_pot":3,"regions_unexplored:magnolia_log":60,"minecraft:andesite":3,"ancient_elements:raw_lead":6,"iceandfire:ectoplasm":1,"minecraft:dirt":53,"minecraft:string":12,"minecraft:bone":2,"regions_unexplored:pine_log":67,"delightful:mini_melon":11,"minecraft:wheat_seeds":4,"aquaculture:bluegill":1,"iceandfire:armor_silver_metal_helmet":2,"minecraft:iron_ingot":4,"minecraft:jungle_sapling":1,"minecraft:iron_pickaxe":1,"minecraft:bamboo":3,"galosphere:raw_silver":24,"minecraft:melon_slice":1,"ancient_elements:tin_ingot":2,"fight_or_die:ripping_flesh":3,"minecraft:raw_iron":10,"minecraft:stick":126,"aquaculture:gar":2,"mna:mark_of_the_undead":3,"minecraft:sweet_berries":1,"minecraft:torch":27,"aquaculture:perch":6,"regions_unexplored:pine_planks":2,"minecraft:gravel":51,"regions_unexplored:blue_lupine":2,"minecraft:porkchop":3,"ancient_elements:raw_tin":5,"minecraft:spruce_log":5,"minecraft:spider_eye":3,"minecraft:stone_shovel":2,"regions_unexplored:pink_magnolia_sapling":3,"minecraft:arrow":20,"soul_like_armors_reworked:estusflask":6,"iceandfire:silver_ingot":7,"regions_unexplored:cypress_log":5,"minecraft:stone_sword":2,"minecraft:rotten_flesh":5,"rogcontinued:whiteironchunk":3,"minecraft:stone_axe":2,"regions_unexplored:clover":30,"aquaculture:carp":1,"minecraft:bread":4,"rogcontinued:grainofaerosiderite":1,"regions_unexplored:purple_lupine":1,"iceandfire:raw_silver":9,"minecraft:mutton":1,"minecraft:coal":41,"minecraft:white_wool":1,"minecraft:cobblestone":243},"minecraft:dropped":{"minecraft:sweet_berries":1,"soul_like_armors_reworked:estusflask":3,"minecraft:stick":1,"ancient_elements:tin_ingot":1,"aquaculture:gar":1,"mna:mark_of_the_undead":1,"minecraft:melon_slice":3,"iceandfire:silver_ingot":2,"minecraft:iron_pickaxe":1},"minecraft:used":{"minecraft:cooked_mutton":5,"minecraft:stone_sword":54,"minecraft:stone_shovel":26,"minecraft:stone_pickaxe":122,"minecraft:wooden_pickaxe":59,"soul_like_armors_reworked:estusflask":1,"minecraft:torch":45,"minecraft:mutton":1,"minecraft:crafting_table":9,"delightful:mini_melon":2,"regions_unexplored:pine_log":2,"minecraft:bread":7,"aquaculture:carp":1,"minecraft:melon_slice":7,"aquaculture:gar":1,"minecraft:stone_axe":64,"minecraft:cobblestone":9,"minecraft:porkchop":3,"minecraft:andesite":3,"aquaculture:perch":2,"regions_unexplored:blue_lupine":1},"minecraft:mined":{"regions_unexplored:cypress_log":5,"regions_unexplored:blue_lupine":1,"iceandfire:silver_ore":5,"ancient_elements:lead_ore":2,"minecraft:jungle_leaves":1,"regions_unexplored:magnolia_log":20,"minecraft:crafting_table":9,"gravestone:gravestone":4,"minecraft:grass_block":8,"regions_unexplored:pink_magnolia_leaves":1,"minecraft:dead_bush":1,"galosphere:silver_ore":8,"minecraft:cobblestone":1,"minecraft:potted_bamboo":1,"regions_unexplored:pine_log":28,"minecraft:tall_seagrass":2,"minecraft:furnace":1,"minecraft:iron_ore":10,"minecraft:spruce_log":6,"regions_unexplored:purple_lupine":1,"minecraft:andesite":3,"ancient_elements:tin_ore":4,"minecraft:grass":4,"minecraft:coal_ore":18,"delightful:mini_melon":9,"minecraft:vine":1,"minecraft:gravel":13,"minecraft:dirt":11,"regions_unexplored:clover":11,"regions_unexplored:medium_grass":4,"minecraft:stone":92,"minecraft:fern":1}},"DataVersion":3465}