{"stats":{"minecraft:picked_up":{"minecraft:wooden_axe":2,"ancient_elements:tin_boots":2,"hogcraft:galleon":4,"minecraft:feather":3,"fight_or_die:springer_fragment":6,"minecraft:chicken":1,"minecraft:wooden_pickaxe":2,"ancient_elements:raw_lead":6,"create:raw_zinc":3,"rogcontinued:mistveiledleadelixir":9,"minecraft:gunpowder":24,"hogcraft:hogwarts_letter":1,"minecraft:dirt":14,"minecraft:lapis_lazuli":30,"minecraft:string":30,"ancient_elements:tin_leggings":2,"minecraft:raw_copper":285,"mna:vinteum_ore":1,"minecraft:bone":17,"farmersdelight:iron_knife":11,"minecraft:apple":2,"ancient_elements:tin_helmet":3,"minecraft:wheat_seeds":9,"minecraft:iron_ingot":66,"minecraft:stone_pickaxe":8,"soul_like_armors_reworked:dagger":2,"rogcontinued:borealwolfsmilktooth":3,"ancient_elements:tin_ingot":8,"minecraft:melon_slice":2,"galosphere:raw_silver":5,"mna:cerublossom":2,"minecraft:chest":6,"minecraft:stick":7,"minecraft:raw_iron":59,"minecraft:torch":176,"travelersbackpack:iron_tier_upgrade":6,"regions_unexplored:blue_lupine":2,"ancient_elements:raw_tin":30,"minecraft:diorite":14,"regions_unexplored:peat_mud":2,"regions_unexplored:pink_lupine":3,"soul_like_armors_reworked:estusflask":27,"regions_unexplored:cypress_log":16,"minecraft:arrow":33,"minecraft:rotten_flesh":15,"minecraft:slime_ball":24,"regions_unexplored:cypress_planks":244,"minecraft:stone_axe":3,"regions_unexplored:clover":60,"minecraft:granite":56,"farmersdelight:rope":16,"minecraft:bread":3,"regions_unexplored:purple_lupine":5,"epicsamurai:spirit_stone_base":1,"rogcontinued:grainofaerosiderite":1,"spelunkers_charm:rock":30,"minecraft:coal":236,"iceandfire:raw_silver":36,"minecraft:cobblestone":270,"rogcontinued:ironchunk":12},"minecraft:broken":{"minecraft:stone_pickaxe":1,"minecraft:wooden_pickaxe":1},"minecraft:used":{"farmersdelight:iron_knife":86,"minecraft:stone_pickaxe":244,"minecraft:wooden_pickaxe":62,"epicsamurai:spirit_stone_base":1,"soul_like_armors_reworked:estusflask":18,"minecraft:rotten_flesh":9,"minecraft:torch":45,"minecraft:golden_apple":1,"minecraft:crafting_table":1,"regions_unexplored:clover":1,"minecraft:granite":10,"soul_like_armors_reworked:dagger":60,"ancient_elements:tin_leggings":1,"minecraft:apple":1,"minecraft:melon_slice":2,"minecraft:bread":4,"regions_unexplored:cypress_planks":7,"minecraft:cobblestone":69,"minecraft:furnace":1},"minecraft:killed":{"mna:living_ward":1,"fight_or_die:springer":12,"naturalist:firefly":1,"enemyexpansion:direwolf":1,"minecraft:slime":4,"minecraft:skeleton":6,"fight_or_die:shiller":2,"minecraft:zombie":6,"minecraft:chicken":1,"enemyexpansion:slugger":1},"minecraft:crafted":{"minecraft:crafting_table":1,"regions_unexplored:cypress_planks":16,"farmersdelight:iron_knife":2,"minecraft:wooden_pickaxe":1,"minecraft:furnace":1,"ancient_elements:tin_ingot":15,"ancient_elements:tin_boots":1,"minecraft:air":128,"minecraft:stick":48,"minecraft:iron_ingot":13,"minecraft:stone_pickaxe":4,"minecraft:wooden_axe":1,"ancient_elements:tin_leggings":1,"minecraft:torch":20},"minecraft:custom":{"minecraft:interact_with_furnace":27,"minecraft:mob_kills":37,"minecraft:interact_with_crafting_table":12,"minecraft:leave_game":2,"minecraft:time_since_death":3936,"minecraft:time_since_rest":3975,"minecraft:sprint_one_cm":509850,"minecraft:damage_taken":4599,"minecraft:walk_one_cm":688947,"minecraft:drop":10,"minecraft:damage_dealt":4896,"minecraft:damage_dealt_absorbed":56,"minecraft:fly_one_cm":504568,"minecraft:open_chest":2,"minecraft:crouch_one_cm":11080,"minecraft:play_time":88653,"minecraft:deaths":12,"minecraft:sneak_time":2215,"minecraft:jump":1541,"minecraft:walk_on_water_one_cm":2817,"minecraft:total_world_time":88653,"minecraft:fall_one_cm":57367},"minecraft:dropped":{"regions_unexplored:peat_mud":1,"rogcontinued:borealwolfsmilktooth":1,"minecraft:stick":14,"hogcraft:galleon":1,"minecraft:stone_pickaxe":2,"mna:vinteum_ore":1,"regions_unexplored:blue_lupine":1,"minecraft:redstone":2},"minecraft:killed_by":{"minecraft:skeleton":4,"minecraft:creeper":2,"minecraft:zombie":1,"mna:mushroom_soldier":1,"enemyexpansion:slugger":1,"enemyexpansion:huntsman":2},"minecraft:mined":{"regions_unexplored:cypress_log":16,"iceandfire:silver_ore":5,"regions_unexplored:pink_lupine":1,"minecraft:glow_lichen":1,"minecraft:granite":25,"spelunkers_charm:dead_grass":2,"mna:cerublossom":1,"minecraft:chest":2,"galosphere:silver_ore":5,"minecraft:cobblestone":1,"spelunkers_charm:rock_pile_2":1,"minecraft:copper_ore":11,"minecraft:diorite":13,"rogcontinued:ironchunkore":4,"minecraft:iron_ore":22,"regions_unexplored:purple_lupine":2,"ancient_elements:tin_ore":4,"minecraft:grass":1,"minecraft:coal_ore":72,"regions_unexplored:clover":5,"regions_unexplored:medium_grass":2,"minecraft:stone":129}},"DataVersion":3465}