{"stats":{"minecraft:broken":{"minecraft:wooden_axe":1,"minecraft:wooden_pickaxe":2},"minecraft:picked_up":{"minecraft:wooden_axe":1,"minecraft:birch_log":7,"minecraft:stick":6,"minecraft:crafting_table":1,"mna:sachet_water":2,"minecraft:gravel":7,"minecraft:flint":1,"minecraft:oak_log":53,"minecraft:gunpowder":4,"mna:sachet_ender":4,"minecraft:raw_copper":31,"minecraft:bone":4,"minecraft:rotten_flesh":1,"rogcontinued:luminoussandsfromguyun":2,"minecraft:oak_sapling":5,"delightful:green_tea_leaf":1,"minecraft:coal":26,"minecraft:cobblestone":137},"minecraft:killed":{"fight_or_die:springer":4,"minecraft:zombie":2,"mna:skeleton_assassin":1,"minecraft:spider":1,"mna:barkling":1,"minecraft:player":1,"minecraft:creeper":3},"minecraft:dropped":{"minecraft:wooden_axe":1},"minecraft:mined":{"minecraft:birch_log":7,"minecraft:birch_leaves":1,"minecraft:glow_lichen":1,"minecraft:crafting_table":1,"minecraft:grass":2,"minecraft:coal_ore":26,"minecraft:oak_log":50,"minecraft:gravel":8,"minecraft:copper_ore":9,"minecraft:stone":140,"minecraft:oak_leaves":13},"minecraft:custom":{"minecraft:time_since_rest":39172,"minecraft:interact_with_furnace":5,"minecraft:sprint_one_cm":42020,"minecraft:damage_taken":702,"minecraft:walk_one_cm":321841,"minecraft:mob_kills":12,"minecraft:drop":1,"minecraft:damage_dealt":1373,"minecraft:damage_dealt_absorbed":10,"minecraft:interact_with_crafting_table":7,"minecraft:fly_one_cm":23915,"minecraft:player_kills":1,"minecraft:crouch_one_cm":1416,"minecraft:play_time":95228,"minecraft:deaths":2,"minecraft:sneak_time":108,"minecraft:jump":316,"minecraft:leave_game":2,"minecraft:time_since_death":39143,"minecraft:total_world_time":95228,"minecraft:fall_one_cm":6195},"minecraft:killed_by":{"minecraft:wolf":1,"enemyexpansion:direwolf":1},"minecraft:crafted":{"minecraft:oak_planks":40,"minecraft:charcoal":14,"minecraft:crafting_table":1,"minecraft:stick":16,"minecraft:wooden_pickaxe":2,"minecraft:stone_pickaxe":2,"minecraft:wooden_axe":2,"minecraft:furnace":1,"minecraft:torch":16},"minecraft:used":{"minecraft:wooden_axe":65,"minecraft:stone_pickaxe":71,"minecraft:wooden_pickaxe":118,"minecraft:rotten_flesh":1,"minecraft:torch":11,"minecraft:crafting_table":2,"minecraft:furnace":1}},"DataVersion":3465}