{"stats":{"minecraft:killed_by":{"minecraft:creeper":2,"fight_or_die:mutated_villager":1,"enemyexpansion:slugger":1,"enemyexpansion:huntsman":4,"fight_or_die:mutated_cow":2,"fight_or_die:springer":4,"fight_or_die:mutated_player":1,"minecraft:skeleton":4,"minecraft:zombie":1,"fight_or_die:mutated_pig":1,"mna:mushroom_soldier":1},"minecraft:broken":{"minecraft:wooden_pickaxe":1,"minecraft:stone_pickaxe":1},"minecraft:custom":{"minecraft:mob_kills":44,"minecraft:interact_with_crafting_table":13,"minecraft:leave_game":4,"minecraft:time_since_death":5528,"minecraft:climb_one_cm":2051,"minecraft:sprint_one_cm":693444,"minecraft:walk_one_cm":951262,"minecraft:drop":45,"minecraft:damage_dealt_absorbed":56,"minecraft:play_time":131665,"minecraft:deaths":23,"minecraft:sneak_time":2364,"minecraft:walk_under_water_one_cm":11809,"minecraft:jump":2177,"minecraft:walk_on_water_one_cm":33503,"minecraft:total_world_time":131665,"minecraft:interact_with_furnace":27,"minecraft:time_since_rest":5555,"minecraft:damage_taken":7578,"minecraft:damage_dealt":5818,"minecraft:swim_one_cm":71879,"minecraft:fly_one_cm":747279,"minecraft:open_chest":15,"minecraft:crouch_one_cm":12429,"minecraft:fall_one_cm":85994},"minecraft:crafted":{"regions_unexplored:cypress_planks":16,"minecraft:furnace":1,"ancient_elements:tin_boots":1,"minecraft:stone_pickaxe":4,"minecraft:crafting_table":2,"farmersdelight:iron_knife":2,"minecraft:wooden_pickaxe":1,"ancient_elements:tin_ingot":15,"minecraft:air":128,"minecraft:stick":48,"minecraft:iron_ingot":13,"minecraft:wooden_axe":1,"ancient_elements:tin_leggings":1,"minecraft:torch":20},"minecraft:killed":{"fight_or_die:springer":13,"enemyexpansion:direwolf":1,"minecraft:slime":4,"minecraft:skeleton":6,"fight_or_die:shiller":2,"minecraft:chicken":1,"mna:living_ward":1,"naturalist:firefly":1,"fight_or_die:mutated_cow":1,"minecraft:zombie":8,"fight_or_die:mutated_player_head":1,"enemyexpansion:slugger":1},"minecraft:picked_up":{"minecraft:wooden_axe":2,"ancient_elements:tin_boots":2,"minecraft:chicken":1,"minecraft:wooden_pickaxe":2,"rogcontinued:mistveiledleadelixir":18,"gravestone:obituary":10,"ancient_elements:tin_leggings":2,"minecraft:string":30,"minecraft:raw_copper":285,"mna:vinteum_ore":1,"ancient_elements:tin_helmet":3,"farmersdelight:straw":2,"soul_like_armors_reworked:dagger":2,"rogcontinued:borealwolfsmilktooth":3,"minecraft:melon_slice":2,"minecraft:chest":6,"fight_or_die:ripping_flesh":9,"minecraft:stick":7,"minecraft:raw_iron":59,"minecraft:torch":176,"travelersbackpack:iron_tier_upgrade":6,"regions_unexplored:blue_lupine":2,"ancient_elements:raw_tin":42,"minecraft:diorite":14,"regions_unexplored:peat_mud":2,"soul_like_armors_reworked:estusflask":27,"minecraft:arrow":41,"minecraft:rotten_flesh":15,"regions_unexplored:cypress_planks":244,"farmersdelight:rope":16,"regions_unexplored:purple_lupine":5,"epicsamurai:spirit_stone_base":1,"minecraft:cobblestone":270,"rogcontinued:ironchunk":12,"hogcraft:galleon":10,"minecraft:feather":3,"fight_or_die:springer_fragment":7,"minecraft:golden_leggings":2,"ancient_elements:raw_lead":6,"create:raw_zinc":5,"minecraft:gunpowder":24,"hogcraft:hogwarts_letter":1,"minecraft:lapis_lazuli":30,"minecraft:dirt":31,"minecraft:bone":22,"farmersdelight:iron_knife":12,"minecraft:apple":2,"minecraft:wheat_seeds":9,"minecraft:iron_ingot":66,"minecraft:stone_pickaxe":8,"galosphere:raw_silver":5,"mna:cerublossom":2,"ancient_elements:tin_ingot":8,"minecraft:pumpkin":1,"regions_unexplored:pink_lupine":13,"regions_unexplored:cypress_log":16,"minecraft:slime_ball":24,"rogcontinued:luminoussandsfromguyun":4,"minecraft:stone_axe":3,"regions_unexplored:clover":110,"minecraft:granite":56,"minecraft:bread":3,"spelunkers_charm:rock":30,"rogcontinued:grainofaerosiderite":1,"minecraft:coal":236,"iceandfire:raw_silver":41},"minecraft:dropped":{"rogcontinued:grainofaerosiderite":1,"rogcontinued:borealwolfsmilktooth":2,"minecraft:granite":4,"ancient_elements:raw_lead":1,"minecraft:stick":15,"fight_or_die:springer_fragment":1,"hogcraft:galleon":6,"regions_unexplored:purple_lupine":2,"gravestone:obituary":4,"mna:vinteum_ore":1,"rogcontinued:ironchunk":4,"create:raw_zinc":3,"minecraft:redstone":2,"minecraft:stone_axe":1,"regions_unexplored:peat_mud":1,"rogcontinued:luminoussandsfromguyun":1,"regions_unexplored:pink_lupine":3,"ancient_elements:raw_tin":4,"rogcontinued:mistveiledleadelixir":2,"minecraft:gunpowder":4,"minecraft:beetroot_seeds":19,"spelunkers_charm:rock":4,"fight_or_die:ripping_flesh":2,"minecraft:slime_ball":3,"minecraft:stone_pickaxe":2,"regions_unexplored:blue_lupine":1},"minecraft:used":{"epicsamurai:spirit_stone_base":1,"soul_like_armors_reworked:estusflask":18,"minecraft:rotten_flesh":9,"minecraft:torch":45,"regions_unexplored:clover":1,"minecraft:granite":10,"soul_like_armors_reworked:dagger":60,"ancient_elements:tin_leggings":1,"minecraft:furnace":1,"minecraft:pumpkin":1,"farmersdelight:iron_knife":132,"minecraft:stone_pickaxe":244,"minecraft:leather_chestplate":1,"minecraft:wooden_pickaxe":62,"minecraft:golden_apple":1,"minecraft:crafting_table":2,"minecraft:apple":1,"minecraft:melon_slice":2,"minecraft:bread":10,"regions_unexplored:cypress_planks":7,"minecraft:cobblestone":74},"minecraft:mined":{"iceandfire:silver_ore":5,"regions_unexplored:pink_lupine":2,"minecraft:glow_lichen":1,"minecraft:granite":25,"gravestone:gravestone":10,"minecraft:grass_block":4,"minecraft:large_fern":1,"rogcontinued:ironchunkore":4,"minecraft:iron_ore":22,"regions_unexplored:purple_lupine":2,"ancient_elements:tin_ore":4,"minecraft:pumpkin":3,"regions_unexplored:medium_grass":3,"minecraft:stone":129,"regions_unexplored:cypress_log":16,"mna:cerublossom":1,"spelunkers_charm:dead_grass":2,"minecraft:chest":2,"galosphere:silver_ore":5,"minecraft:cobblestone":1,"minecraft:tall_grass":2,"spelunkers_charm:rock_pile_2":1,"minecraft:copper_ore":11,"minecraft:diorite":13,"minecraft:grass":2,"minecraft:coal_ore":72,"minecraft:dirt":1,"regions_unexplored:clover":8}},"DataVersion":3465}