{"stats":{"minecraft:killed_by":{"fight_or_die:mutated_villager":2,"enemyexpansion:meature":1,"fight_or_die:springer":1,"minecraft:zombie":1,"iceandfire:ghost":2,"fight_or_die:mutated_fox":1},"minecraft:custom":{"minecraft:mob_kills":24,"minecraft:interact_with_crafting_table":46,"minecraft:open_barrel":5,"minecraft:bell_ring":37,"minecraft:leave_game":4,"minecraft:time_since_death":300,"minecraft:climb_one_cm":5613,"minecraft:sprint_one_cm":431498,"minecraft:walk_one_cm":693565,"minecraft:drop":54,"minecraft:talked_to_villager":2,"minecraft:play_time":115072,"minecraft:deaths":8,"minecraft:sneak_time":268,"minecraft:walk_under_water_one_cm":18288,"minecraft:jump":3001,"minecraft:walk_on_water_one_cm":51669,"minecraft:total_world_time":115072,"minecraft:interact_with_furnace":117,"minecraft:traded_with_villager":1,"minecraft:time_since_rest":332,"minecraft:damage_taken":3106,"minecraft:damage_dealt":4984,"minecraft:swim_one_cm":149801,"minecraft:fly_one_cm":1155645,"minecraft:open_chest":20,"minecraft:crouch_one_cm":421,"minecraft:fall_one_cm":75483},"minecraft:crafted":{"minecraft:furnace":1,"ancient_elements:tin_helmet":1,"iceandfire:armor_silver_metal_chestplate":1,"minecraft:iron_boots":1,"iceandfire:armor_silver_metal_leggings":1,"minecraft:stone_pickaxe":1,"galosphere:silver_ingot":24,"iceandfire:armor_silver_metal_boots":1,"minecraft:wheat":5,"blue_skies:blue_journal":1,"iceandfire:silver_ingot":9,"minecraft:crafting_table":2,"minecraft:spruce_planks":5,"minecraft:wooden_pickaxe":1,"minecraft:iron_sword":1,"ancient_elements:tin_ingot":11,"minecraft:bread":27,"minecraft:air":71,"iceandfire:armor_silver_metal_helmet":1,"regions_unexplored:pine_planks":4,"minecraft:stick":13,"minecraft:iron_ingot":9,"minecraft:iron_pickaxe":1,"iceandfire:silver_pickaxe":1,"iceandfire:silver_sword":1,"create:zinc_ingot":5},"minecraft:killed":{"fight_or_die:springer":4,"minecraft:spider":1,"enemyexpansion:direwolf":2,"minecraft:pig":1,"naturalist:dragonfly":1,"minecraft:sheep":6,"fight_or_die:mutated_villager":1,"naturalist:alligator":1,"minecraft:zombie":2,"naturalist:sparrow":1,"minecraft:cow":1},"minecraft:picked_up":{"minecraft:crafting_table":5,"minecraft:wooden_pickaxe":2,"iceandfire:armor_silver_metal_chestplate":1,"minecraft:string":6,"rogcontinued:tileofdecarabianstower":2,"regions_unexplored:pine_log":4,"rogcontinued:crystalchunk":10,"minecraft:spruce_planks":2,"iceandfire:armor_silver_metal_leggings":1,"soul_like_armors_reworked:dagger":1,"minecraft:iron_pickaxe":2,"minecraft:iron_boots":3,"minecraft:furnace":4,"minecraft:stick":12,"minecraft:raw_iron":13,"epicfight:skillbook":2,"ancient_elements:raw_tin":47,"rogcontinued:fettersofthedandeliongladiator":4,"create:zinc_ingot":13,"soul_like_armors_reworked:estusflask":2,"iceandfire:armor_silver_metal_boots":1,"iceandfire:silver_ingot":3,"minecraft:arrow":1,"minecraft:rotten_flesh":5,"regions_unexplored:cypress_planks":45,"create:ochrum":2,"minecraft:hay_block":5,"blue_skies:moonstone_shard":6,"minecraft:mutton":11,"minecraft:cobblestone":116,"rogcontinued:ironchunk":12,"hogcraft:galleon":5,"minecraft:andesite":10,"ancient_elements:raw_lead":2,"create:raw_zinc":11,"hogcraft:hogwarts_letter":3,"minecraft:map":2,"minecraft:dirt":27,"minecraft:paper":5,"delightful:mini_melon":1,"iceandfire:armor_silver_metal_helmet":1,"rogcontinued:amethystlump":2,"galosphere:raw_silver":19,"ancient_elements:tin_ingot":1,"minecraft:iron_sword":1,"minecraft:book":1,"blue_skies:snowcap_pinhead":7,"mna:mark_of_the_undead":1,"minecraft:sweet_berries":15,"minecraft:spruce_log":12,"minecraft:spider_eye":1,"minecraft:mossy_cobblestone":2,"iceandfire:silver_pickaxe":1,"iceandfire:silver_sword":1,"regions_unexplored:clover":58,"minecraft:crossbow":1,"minecraft:granite":4,"minecraft:emerald":1,"minecraft:bread":3,"minecraft:black_wool":1,"spelunkers_charm:rock":2,"minecraft:coal":72,"iceandfire:raw_silver":9},"minecraft:dropped":{"minecraft:bread":14,"minecraft:mossy_cobblestone":2,"soul_like_armors_reworked:estusflask":2,"minecraft:cobblestone":21,"minecraft:granite":4,"delightful:mini_melon":1,"minecraft:stick":2,"mna:mark_of_the_undead":1,"minecraft:iron_pickaxe":3,"minecraft:string":1,"create:raw_zinc":1,"minecraft:sweet_berries":1,"regions_unexplored:pine_planks":1,"minecraft:raw_iron":2,"minecraft:rotten_flesh":2,"regions_unexplored:clover":8,"ancient_elements:tin_ingot":2,"minecraft:charcoal":1,"iceandfire:silver_ingot":5,"minecraft:spruce_log":1,"minecraft:arrow":1,"minecraft:stone_pickaxe":1,"minecraft:wooden_pickaxe":3,"ancient_elements:tin_helmet":1,"regions_unexplored:cypress_planks":45,"minecraft:black_wool":1},"minecraft:used":{"iceandfire:silver_sword":95,"minecraft:spruce_planks":3,"minecraft:iron_sword":4,"soul_like_armors_reworked:estusflask":5,"minecraft:rotten_flesh":3,"minecraft:dirt":10,"iceandfire:armor_silver_metal_helmet":1,"soul_like_armors_reworked:dagger":11,"iceandfire:armor_silver_metal_leggings":1,"minecraft:furnace":5,"epicfight:skillbook":1,"minecraft:stone_pickaxe":77,"minecraft:wooden_pickaxe":17,"iceandfire:armor_silver_metal_boots":1,"minecraft:crafting_table":7,"minecraft:spruce_log":5,"iceandfire:armor_silver_metal_chestplate":1,"iceandfire:silver_pickaxe":119,"minecraft:bread":36,"minecraft:cobblestone":20,"minecraft:andesite":2},"minecraft:mined":{"create:zinc_ore":10,"minecraft:spruce_planks":1,"iceandfire:silver_ore":9,"regions_unexplored:blue_lupine":1,"rogcontinued:whiteironchunkore":1,"ancient_elements:lead_ore":2,"minecraft:mossy_cobblestone":4,"gravestone:gravestone":4,"minecraft:granite":6,"rogcontinued:amethystlumpore":1,"mna:vinteum_ore":2,"minecraft:hay_block":5,"rogcontinued:ironchunkore":7,"minecraft:furnace":5,"fight_or_die:blood_splash1":1,"minecraft:iron_ore":11,"regions_unexplored:mossy_stone":1,"minecraft:andesite":6,"ancient_elements:tin_ore":28,"minecraft:stone":46,"spelunkers_charm:rock_pile_1":1,"minecraft:crafting_table":4,"spelunkers_charm:dead_grass":5,"galosphere:silver_ore":19,"minecraft:cobblestone":1,"minecraft:oak_planks":1,"minecraft:diorite":1,"epicsamurai:polished_spirit_stone":1,"regions_unexplored:pine_log":4,"minecraft:spruce_log":8,"minecraft:white_carpet":6,"minecraft:grass":2,"minecraft:coal_ore":24,"delightful:mini_melon":1,"rogcontinued:crystalchunkore":5,"minecraft:dirt":5,"minecraft:cobweb":1,"regions_unexplored:clover":3,"epicsamurai:tanuki_statue":1}},"DataVersion":3465}