{"stats":{"minecraft:picked_up":{"minecraft:chicken":2,"minecraft:feather":1,"doggytalents:rice_grains":1,"minecraft:oak_log":2,"minecraft:spider_eye":1,"soul_like_armors_reworked:rustysteel_chestplate":2,"minecraft:dirt":27,"soul_like_armors_reworked:estusflask":6,"minecraft:rotten_flesh":1,"minecraft:wheat_seeds":1,"delightful:acorn":1,"soul_like_armors_reworked:dagger":2},"minecraft:killed":{"fight_or_die:springer":2,"minecraft:zombie":1,"mna:witch_hunter":1,"minecraft:chicken":2,"enemyexpansion:botfly":3,"minecraft:spider":2,"enemyexpansion:equestrian":1,"minecraft:player":3,"enemyexpansion:direwolf":1},"minecraft:mined":{"minecraft:grass":5,"minecraft:oak_log":2,"minecraft:oak_leaves":15},"minecraft:custom":{"minecraft:time_since_rest":25663,"minecraft:sprint_one_cm":254500,"minecraft:damage_taken":2930,"minecraft:walk_one_cm":288359,"minecraft:mob_kills":13,"minecraft:damage_dealt":2904,"minecraft:player_kills":3,"minecraft:damage_dealt_absorbed":1,"minecraft:swim_one_cm":15600,"minecraft:fly_one_cm":243960,"minecraft:crouch_one_cm":3416,"minecraft:play_time":75901,"minecraft:deaths":9,"minecraft:sneak_time":384,"minecraft:walk_under_water_one_cm":13560,"minecraft:jump":902,"minecraft:leave_game":3,"minecraft:time_since_death":25626,"minecraft:walk_on_water_one_cm":6756,"minecraft:total_world_time":75901,"minecraft:fall_one_cm":30453},"minecraft:killed_by":{"man:managgresive":1,"enemyexpansion:equestrian":1,"minecraft:player":2,"minecraft:skeleton":1,"minecraft:spider":1,"enemyexpansion:wasp":2},"minecraft:used":{"minecraft:oak_log":1,"soul_like_armors_reworked:dagger":32,"soul_like_armors_reworked:estusflask":11,"soul_like_armors_reworked:rustysteel_chestplate":1,"minecraft:rotten_flesh":1,"minecraft:dirt":12,"minecraft:spider_eye":1,"delightful:acorn":1}},"DataVersion":3465}