{
  "warp_portals:warp_portals": {
    "criteria": {
      "trigger": "2024-05-29 11:30:29 +0000"
    },
    "done": true
  },
  "iceandfire:iceandfire/root": {
    "criteria": {
      "tick": "2024-05-29 11:30:29 +0000"
    },
    "done": true
  },
  "ancient_elements:ancient_elements": {
    "criteria": {
      "ancient_elements": "2024-05-29 11:30:29 +0000"
    },
    "done": true
  },
  "player_companions:grant_book_on_first_join": {
    "criteria": {
      "tick": "2024-05-29 11:30:29 +0000"
    },
    "done": true
  },
  "global:notnull": {
    "criteria": {
      "trigger": "2024-05-29 11:30:29 +0000"
    },
    "done": true
  },
  "farmersdelight:main/root": {
    "criteria": {
      "seeds": "2024-05-29 11:30:29 +0000"
    },
    "done": true
  },
  "create:root": {
    "criteria": {
      "0": "2024-05-29 11:30:29 +0000"
    },
    "done": true
  },
  "wool_collection:recipe/weaving_station": {
    "criteria": {
      "has_the_recipe": "2024-05-29 11:30:29 +0000"
    },
    "done": true
  },
  "travelersbackpack:standard_from_custom": {
    "criteria": {
      "has_the_recipe": "2024-05-29 11:30:29 +0000"
    },
    "done": true
  },
  "beautify:progression/root": {
    "criteria": {
      "Install": "2024-05-29 11:30:29 +0000"
    },
    "done": true
  },
  "adorabuild_structures:overworld_structures": {
    "criteria": {
      "always": "2024-05-29 11:30:29 +0000"
    },
    "done": true
  },
  "eeeabsmobs:eeeabsmobs/root": {
    "criteria": {
      "requirement": "2024-05-29 11:30:29 +0000"
    },
    "done": true
  },
  "mna:root": {
    "criteria": {
      "get_vinteum": "2024-05-29 11:30:29 +0000"
    },
    "done": true
  },
  "global:root": {
    "criteria": {
      "trigger": "2024-05-29 11:30:29 +0000"
    },
    "done": true
  },
  "rogcontinued:rogadvancement": {
    "criteria": {
      "rogadvancement": "2024-05-29 11:30:29 +0000"
    },
    "done": true
  },
  "regions_unexplored:regions_explored": {
    "criteria": {
      "lupine_plains": "2024-05-29 11:30:30 +0000"
    },
    "done": false
  },
  "regions_unexplored:pioneer": {
    "criteria": {
      "lupine_plains": "2024-05-29 11:30:30 +0000"
    },
    "done": false
  },
  "regions_unexplored:parent": {
    "criteria": {
      "load_in_world": "2024-05-29 11:30:30 +0000"
    },
    "done": true
  },
  "mcwroofs:recipes/gutters": {
    "criteria": {
      "has_planks": "2024-05-29 11:32:39 +0000"
    },
    "done": true
  },
  "minecraft:story/smelt_iron": {
    "criteria": {
      "iron": "2024-05-29 11:32:39 +0000"
    },
    "done": true
  },
  "beautify:iron_blinds": {
    "criteria": {
      "requirement": "2024-05-29 11:32:39 +0000"
    },
    "done": true
  },
  "farmersdelight:main/get_fd_seed": {
    "criteria": {
      "tomato_seeds": "2024-05-29 11:32:45 +0000"
    },
    "done": true
  },
  "DataVersion": 3465
}