{
  "farmersdelight:main/root": {
    "criteria": {
      "seeds": "2024-05-29 12:09:40 +0000"
    },
    "done": true
  },
  "create:root": {
    "criteria": {
      "0": "2024-05-29 12:09:40 +0000"
    },
    "done": true
  },
  "wool_collection:recipe/weaving_station": {
    "criteria": {
      "has_the_recipe": "2024-05-29 12:09:40 +0000"
    },
    "done": true
  },
  "travelersbackpack:standard_from_custom": {
    "criteria": {
      "has_the_recipe": "2024-05-29 12:09:40 +0000"
    },
    "done": true
  },
  "mna:root": {
    "criteria": {
      "get_vinteum": "2024-05-29 12:09:40 +0000"
    },
    "done": true
  },
  "warp_portals:warp_portals": {
    "criteria": {
      "trigger": "2024-05-29 12:09:41 +0000"
    },
    "done": true
  },
  "iceandfire:iceandfire/root": {
    "criteria": {
      "tick": "2024-05-29 12:09:41 +0000"
    },
    "done": true
  },
  "ancient_elements:ancient_elements": {
    "criteria": {
      "ancient_elements": "2024-05-29 12:09:41 +0000"
    },
    "done": true
  },
  "player_companions:grant_book_on_first_join": {
    "criteria": {
      "tick": "2024-05-29 12:09:41 +0000"
    },
    "done": true
  },
  "global:notnull": {
    "criteria": {
      "trigger": "2024-05-29 12:09:41 +0000"
    },
    "done": true
  },
  "beautify:progression/root": {
    "criteria": {
      "Install": "2024-05-29 12:09:41 +0000"
    },
    "done": true
  },
  "adorabuild_structures:overworld_structures": {
    "criteria": {
      "always": "2024-05-29 12:09:41 +0000"
    },
    "done": true
  },
  "eeeabsmobs:eeeabsmobs/root": {
    "criteria": {
      "requirement": "2024-05-29 12:09:41 +0000"
    },
    "done": true
  },
  "global:root": {
    "criteria": {
      "trigger": "2024-05-29 12:09:41 +0000"
    },
    "done": true
  },
  "rogcontinued:rogadvancement": {
    "criteria": {
      "rogadvancement": "2024-05-29 12:09:41 +0000"
    },
    "done": true
  },
  "regions_unexplored:regions_explored": {
    "criteria": {
      "pine_taiga": "2024-05-29 12:16:01 +0000",
      "bayou": "2024-05-29 12:16:05 +0000",
      "magnolia_highlands": "2024-05-29 12:11:13 +0000",
      "towering_cliffs": "2024-05-29 12:10:35 +0000",
      "temperate_grove": "2024-05-29 12:11:09 +0000",
      "lupine_plains": "2024-05-29 12:09:42 +0000"
    },
    "done": false
  },
  "regions_unexplored:pioneer": {
    "criteria": {
      "pine_taiga": "2024-05-29 12:16:01 +0000",
      "bayou": "2024-05-29 12:16:05 +0000",
      "magnolia_highlands": "2024-05-29 12:11:13 +0000",
      "towering_cliffs": "2024-05-29 12:10:35 +0000",
      "temperate_grove": "2024-05-29 12:11:09 +0000",
      "lupine_plains": "2024-05-29 12:09:42 +0000"
    },
    "done": false
  },
  "regions_unexplored:parent": {
    "criteria": {
      "load_in_world": "2024-05-29 12:09:42 +0000"
    },
    "done": true
  },
  "man:feelingwatched": {
    "criteria": {
      "feelingwatched": "2024-05-29 12:11:25 +0000"
    },
    "done": true
  },
  "minecraft:adventure/root": {
    "criteria": {
      "killed_by_something": "2024-05-29 12:15:26 +0000"
    },
    "done": true
  },
  "regions_unexplored:got_wood": {
    "criteria": {
      "magnolia_log": "2024-05-30 00:03:45 +0000",
      "pine_log": "2024-05-30 00:09:09 +0000",
      "cypress_log": "2024-05-29 12:16:47 +0000"
    },
    "done": false
  },
  "player_companions:crafting/craft_lead": {
    "criteria": {
      "crafting_table": "2024-05-29 12:18:22 +0000"
    },
    "done": true
  },
  "player_companions:crafting/root": {
    "criteria": {
      "crafting_table": "2024-05-29 12:18:22 +0000"
    },
    "done": true
  },
  "aquamirae:adventure/root": {
    "criteria": {
      "crafting_table": "2024-05-29 12:18:22 +0000"
    },
    "done": true
  },
  "minecraft:story/root": {
    "criteria": {
      "crafting_table": "2024-05-29 12:18:22 +0000"
    },
    "done": true
  },
  "beautify:blinds": {
    "criteria": {
      "requirement": "2024-05-29 12:18:33 +0000"
    },
    "done": true
  },
  "beautify:trellis": {
    "criteria": {
      "requirement": "2024-05-29 12:18:33 +0000"
    },
    "done": true
  },
  "adorabuild_structures:tireless_legs": {
    "criteria": {
      "oak_hut_1": "2024-05-29 12:21:28 +0000"
    },
    "done": false
  },
  "minecraft:story/mine_stone": {
    "criteria": {
      "get_stone": "2024-05-29 23:54:28 +0000"
    },
    "done": true
  },
  "mcwroofs:recipes/cobblestone": {
    "criteria": {
      "has_planks": "2024-05-29 23:54:28 +0000"
    },
    "done": true
  },
  "minecraft:story/upgrade_tools": {
    "criteria": {
      "stone_pickaxe": "2024-05-29 23:55:57 +0000"
    },
    "done": true
  },
  "rogcontinued:ironchunkadvancement": {
    "criteria": {
      "ironchunkadvancement": "2024-05-30 00:04:44 +0000"
    },
    "done": true
  },
  "adorn:root": {
    "criteria": {
      "has_wool": "2024-05-30 00:06:46 +0000"
    },
    "done": true
  },
  "beautify:frames": {
    "criteria": {
      "requirement": "2024-05-30 00:06:46 +0000"
    },
    "done": true
  },
  "mcwroofs:recipes/awning": {
    "criteria": {
      "has_planks": "2024-05-30 00:06:46 +0000"
    },
    "done": true
  },
  "minecraft:husbandry/balanced_diet": {
    "criteria": {
      "cooked_mutton": "2024-05-30 00:10:59 +0000",
      "bread": "2024-05-30 00:21:23 +0000",
      "cooked_chicken": "2024-05-30 00:19:58 +0000"
    },
    "done": false
  },
  "minecraft:husbandry/root": {
    "criteria": {
      "consumed_item": "2024-05-30 00:10:59 +0000"
    },
    "done": true
  },
  "minecraft:adventure/sleep_in_bed": {
    "criteria": {
      "slept_in_bed": "2024-05-30 00:12:58 +0000"
    },
    "done": true
  },
  "mcwroofs:recipes/spruce": {
    "criteria": {
      "has_planks": "2024-05-30 00:28:54 +0000"
    },
    "done": true
  },
  "mcwroofs:recipes/spruce_planks": {
    "criteria": {
      "has_planks": "2024-05-30 00:28:58 +0000"
    },
    "done": true
  },
  "minecraft:story/iron_tools": {
    "criteria": {
      "iron_pickaxe": "2024-05-30 00:29:26 +0000"
    },
    "done": true
  },
  "minecraft:story/obtain_armor": {
    "criteria": {
      "iron_chestplate": "2024-05-30 00:32:54 +0000"
    },
    "done": true
  },
  "mna:tier_0/mine_vinteum": {
    "criteria": {
      "has_stone": "2024-05-30 00:39:33 +0000"
    },
    "done": true
  },
  "mcwroofs:recipes/diorite": {
    "criteria": {
      "has_planks": "2024-05-30 00:43:33 +0000"
    },
    "done": true
  },
  "beautify:rope": {
    "criteria": {
      "requirement": "2024-05-30 01:59:00 +0000"
    },
    "done": true
  },
  "mcwroofs:recipes/oak_planks": {
    "criteria": {
      "has_planks": "2024-05-30 02:05:37 +0000"
    },
    "done": true
  },
  "mcwroofs:recipes/mangrove": {
    "criteria": {
      "has_planks": "2024-05-30 02:06:42 +0000"
    },
    "done": true
  },
  "minecraft:adventure/adventuring_time": {
    "criteria": {
      "minecraft:birch_forest": "2024-05-30 01:57:16 +0000",
      "minecraft:river": "2024-05-30 01:51:35 +0000",
      "minecraft:swamp": "2024-05-30 01:58:59 +0000"
    },
    "done": false
  },
  "mcwroofs:recipes/mangrove_planks": {
    "criteria": {
      "has_planks": "2024-05-30 02:06:56 +0000"
    },
    "done": true
  },
  "DataVersion": 3465
}