{
  "warp_portals:warp_portals": {
    "criteria": {
      "trigger": "2024-05-29 08:56:28 +0000"
    },
    "done": true
  },
  "iceandfire:iceandfire/root": {
    "criteria": {
      "tick": "2024-05-29 08:56:28 +0000"
    },
    "done": true
  },
  "ancient_elements:ancient_elements": {
    "criteria": {
      "ancient_elements": "2024-05-29 08:56:28 +0000"
    },
    "done": true
  },
  "player_companions:grant_book_on_first_join": {
    "criteria": {
      "tick": "2024-05-29 08:56:28 +0000"
    },
    "done": true
  },
  "global:notnull": {
    "criteria": {
      "trigger": "2024-05-29 08:56:28 +0000"
    },
    "done": true
  },
  "farmersdelight:main/root": {
    "criteria": {
      "seeds": "2024-05-29 08:56:28 +0000"
    },
    "done": true
  },
  "create:root": {
    "criteria": {
      "0": "2024-05-29 08:56:28 +0000"
    },
    "done": true
  },
  "wool_collection:recipe/weaving_station": {
    "criteria": {
      "has_the_recipe": "2024-05-29 08:56:28 +0000"
    },
    "done": true
  },
  "travelersbackpack:standard_from_custom": {
    "criteria": {
      "has_the_recipe": "2024-05-29 08:56:28 +0000"
    },
    "done": true
  },
  "beautify:progression/root": {
    "criteria": {
      "Install": "2024-05-29 08:56:28 +0000"
    },
    "done": true
  },
  "adorabuild_structures:overworld_structures": {
    "criteria": {
      "always": "2024-05-29 08:56:28 +0000"
    },
    "done": true
  },
  "eeeabsmobs:eeeabsmobs/root": {
    "criteria": {
      "requirement": "2024-05-29 08:56:28 +0000"
    },
    "done": true
  },
  "mna:root": {
    "criteria": {
      "get_vinteum": "2024-05-29 08:56:28 +0000"
    },
    "done": true
  },
  "global:root": {
    "criteria": {
      "trigger": "2024-05-29 08:56:28 +0000"
    },
    "done": true
  },
  "rogcontinued:rogadvancement": {
    "criteria": {
      "rogadvancement": "2024-05-29 08:56:28 +0000"
    },
    "done": true
  },
  "minecraft:adventure/adventuring_time": {
    "criteria": {
      "minecraft:stony_shore": "2024-05-29 09:30:07 +0000",
      "minecraft:forest": "2024-05-29 08:56:29 +0000",
      "minecraft:ocean": "2024-05-29 09:31:10 +0000"
    },
    "done": false
  },
  "regions_unexplored:parent": {
    "criteria": {
      "load_in_world": "2024-05-29 08:56:29 +0000"
    },
    "done": true
  },
  "minecraft:adventure/root": {
    "criteria": {
      "killed_something": "2024-05-29 08:57:53 +0000"
    },
    "done": true
  },
  "minecraft:adventure/kill_all_mobs": {
    "criteria": {
      "minecraft:spider": "2024-05-29 08:57:53 +0000",
      "minecraft:zombie": "2024-05-29 09:33:13 +0000"
    },
    "done": false
  },
  "minecraft:adventure/kill_a_mob": {
    "criteria": {
      "minecraft:spider": "2024-05-29 08:57:53 +0000"
    },
    "done": true
  },
  "minecraft:husbandry/root": {
    "criteria": {
      "consumed_item": "2024-05-29 08:57:58 +0000"
    },
    "done": true
  },
  "minecraft:husbandry/balanced_diet": {
    "criteria": {
      "spider_eye": "2024-05-29 09:11:43 +0000",
      "rotten_flesh": "2024-05-29 09:26:15 +0000"
    },
    "done": false
  },
  "mcwroofs:recipes/oak": {
    "criteria": {
      "has_planks": "2024-05-29 09:16:43 +0000"
    },
    "done": true
  },
  "man:feelingwatched": {
    "criteria": {
      "feelingwatched": "2024-05-29 09:31:33 +0000"
    },
    "done": true
  },
  "DataVersion": 3465
}